CBSACode,democrat,green,republican,total,%democrat,%republican
10100,422637.0,4661.0,571148.0,993785.0,0.42528011592044557,0.5747198840795544
10140,72221.0,1059.0,62181.0,134402.0,0.5373506346631747,0.4626493653368253
10180,231887.0,1619.0,515957.0,747844.0,0.3100740261337926,0.6899259738662074
10220,36182.0,84.0,90559.0,126741.0,0.2854798368325956,0.7145201631674044
10300,102318.0,760.0,117362.0,219680.0,0.46575928623452295,0.5342407137654771
10420,1091616.0,12725.0,862877.0,1954493.0,0.5585161983184386,0.4414838016815614
10460,49724.0,476.0,84200.0,133924.0,0.3712852065350497,0.6287147934649503
10500,1050543.0,6131.0,1449367.0,2499910.0,0.4202323283638211,0.5797676716361789
10540,419604.0,3880.0,409167.0,828771.0,0.5062966730254799,0.49370332697452013
10580,1098871.0,18911.0,863453.0,1962324.0,0.559984487780815,0.440015512219185
10620,39119.0,0.0,94559.0,133678.0,0.29263603584733466,0.7073639641526653
10660,43529.0,555.0,37256.0,80785.0,0.5388252769697345,0.4611747230302655
10700,273774.0,1756.0,442953.0,716727.0,0.38197807533412304,0.618021924665877
10740,893718.0,10263.0,724214.0,1617932.0,0.5523829184415662,0.4476170815584338
10780,340902.0,3108.0,587801.0,928703.0,0.3670732193176936,0.6329267806823063
10820,1292986.0,18139.0,1629245.0,2922231.0,0.4424653629367425,0.5575346370632575
10860,34134.0,73.0,25174.0,59308.0,0.5755378701018412,0.4244621298981588
10900,1507139.0,13662.0,1816119.0,3323258.0,0.4535124868427308,0.5464875131572692
10940,36296.0,265.0,44589.0,80885.0,0.44873585955368733,0.5512641404463127
10980,33591.0,262.0,37947.0,71538.0,0.46955464228801475,0.5304453577119852
11020,83926.0,693.0,169289.0,253215.0,0.33144166024919536,0.6685583397508047
11060,1327209.0,14270.0,1719649.0,3046858.0,0.4355992304203215,0.5644007695796784
11100,187911.0,1836.0,540985.0,728896.0,0.25780221046623936,0.7421977895337607
11140,246449.0,637.0,287850.0,534299.0,0.461256712065716,0.5387432879342839
11180,119223.0,1317.0,95168.0,214391.0,0.5561007691554216,0.4438992308445784
11220,4136802.0,29519.0,3378717.0,7515519.0,0.5504346406415844,0.4495653593584156
11380,3974.0,28.0,18310.0,22284.0,0.1783342308382696,0.8216657691617304
11420,96708.0,1288.0,163203.0,259911.0,0.372081212415019,0.627918787584981
11460,576551.0,4843.0,274903.0,851454.0,0.6771369915462256,0.32286300845377436
11500,303154.0,2047.0,414764.0,717918.0,0.42226828133575145,0.5777317186642486
11540,259866.0,3241.0,293463.0,553329.0,0.46964102730925,0.5303589726907499
11580,26022.0,67.0,33775.0,59797.0,0.435172333060187,0.564827666939813
11620,78856.0,304.0,178130.0,256986.0,0.30684940035643965,0.6931505996435603
11660,2422926.0,15670.0,2158394.0,4581320.0,0.5288707184828827,0.47112928151711736
11680,23235.0,416.0,42330.0,65565.0,0.354381148478609,0.645618851521391
11700,1748188.0,8166.0,2314262.0,4062450.0,0.43032849635072434,0.5696715036492757
11740,64167.0,1003.0,92981.0,157148.0,0.40832209127701274,0.5916779087229872
11780,108299.0,1109.0,99544.0,207843.0,0.5210615705123579,0.4789384294876421
11820,48571.0,939.0,38032.0,86603.0,0.5608466219415031,0.4391533780584968
11860,18403.0,268.0,28848.0,47251.0,0.38947323866161565,0.6105267613383843
11900,87554.0,1663.0,50189.0,137743.0,0.635633026723681,0.36436697327631895
11940,25691.0,142.0,62780.0,88471.0,0.29038894100891816,0.7096110589910818
11980,187614.0,538.0,349912.0,537526.0,0.34903241889694636,0.6509675811030536
12020,1437336.0,9843.0,1948018.0,3385354.0,0.42457480074461934,0.5754251992553807
12060,7886930.0,43788.0,10621854.0,18508784.0,0.42611821500537256,0.5738817849946274
12100,302980.0,2188.0,234194.0,537174.0,0.5640258091419168,0.43597419085808325
12180,81699.0,1448.0,75887.0,157586.0,0.5184407244298351,0.48155927557016487
12220,875098.0,5598.0,1264665.0,2139763.0,0.4089695914921419,0.5910304085078582
12260,2102281.0,17119.0,2484124.0,4586405.0,0.4583722981289267,0.5416277018710733
12300,165973.0,2955.0,138006.0,303979.0,0.5460015330006349,0.4539984669993651
12380,53198.0,678.0,37300.0,90498.0,0.5878361952750337,0.4121638047249663
12420,1846126.0,39496.0,1921156.0,3767282.0,0.49004189227140416,0.5099581077285958
12460,52964.0,191.0,93597.0,146561.0,0.3613785386289668,0.6386214613710333
12540,416247.0,3474.0,642075.0,1058322.0,0.3933084637756751,0.6066915362243249
12580,3700373.0,30415.0,3061723.0,6762096.0,0.5472227841781602,0.45277721582183983
12620,183906.0,3772.0,188623.0,372529.0,0.4936689492630104,0.5063310507369896
12660,80788.0,858.0,65192.0,145980.0,0.5534182764762297,0.4465817235237704
12680,56080.0,534.0,75146.0,131226.0,0.42735433526892536,0.5726456647310746
12700,352035.0,7976.0,278452.0,630487.0,0.5583540977054245,0.44164590229457545
12740,2411809.0,29573.0,2925493.0,5337302.0,0.4518779338324869,0.5481220661675131
12780,2411809.0,29573.0,2925493.0,5337302.0,0.4518779338324869,0.5481220661675131
12820,27460.0,103.0,34463.0,61923.0,0.44345396702356155,0.5565460329764385
12860,671488.0,4547.0,454539.0,1126027.0,0.5963338356895528,0.4036661643104473
12900,20439.0,171.0,40494.0,60933.0,0.33543400128009454,0.6645659987199055
12940,988955.0,6280.0,1382975.0,2371930.0,0.416941056439271,0.5830589435607291
12980,303154.0,2047.0,414764.0,717918.0,0.42226828133575145,0.5777317186642486
13020,248827.0,1800.0,392426.0,641253.0,0.38803249263551204,0.611967507364488
13060,20971.0,141.0,39944.0,60915.0,0.3442666010013954,0.6557333989986046
13100,18482.0,355.0,29441.0,47923.0,0.3856603301128894,0.6143396698871105
13140,8521238.0,69135.0,8943455.0,17464693.0,0.48791226962878764,0.5120877303712124
13180,141485.0,1869.0,221983.0,363468.0,0.38926397922238,0.61073602077762
13220,729151.0,5375.0,977141.0,1706292.0,0.42733072651105436,0.5726692734889456
13260,310316.0,1761.0,504197.0,814513.0,0.3809834833820946,0.6190165166179055
13300,18381.0,66.0,23428.0,41809.0,0.43964218230524527,0.5603578176947547
13340,151164.0,1144.0,308760.0,459924.0,0.3286716935841574,0.6713283064158426
13380,257966.0,4502.0,198090.0,456056.0,0.5656454470503622,0.43435455294963776
13420,50418.0,1269.0,48765.0,99183.0,0.5083330812740087,0.49166691872599133
13460,171464.0,2799.0,201108.0,372572.0,0.4602170855566172,0.5397829144433828
13500,28892.0,52.0,18061.0,46953.0,0.6153387429983175,0.3846612570016825
13540,53667.0,1112.0,32645.0,86312.0,0.6217791268884976,0.37822087311150243
13620,2287911.0,26509.0,1198308.0,3486219.0,0.6562728847499254,0.34372711525007466
13660,36473.0,325.0,46501.0,82974.0,0.43957143201484805,0.560428567985152
13700,528663.0,4368.0,463605.0,992268.0,0.5327824740896613,0.4672175259103387
13720,59185.0,430.0,146414.0,205599.0,0.2878661861195823,0.7121338138804177
13740,217267.0,3317.0,327585.0,544852.0,0.3987633338961773,0.6012366661038226
13780,286793.0,5076.0,315248.0,602041.0,0.4763678885657289,0.5236321114342711
13820,5533368.0,37256.0,6016219.0,11549587.0,0.47909661185287405,0.520903388147126
13900,101942.0,1728.0,261176.0,363118.0,0.2807406958619512,0.7192593041380488
13940,18085.0,74.0,59939.0,78024.0,0.23178765508048804,0.768212344919512
13980,4879386.0,32633.0,4276701.0,9156087.0,0.5329117121757362,0.4670882878242638
14010,183807.0,1760.0,243353.0,427160.0,0.43030012173424476,0.5696998782657552
14020,1733331.0,19399.0,1605122.0,3338453.0,0.5192018578665029,0.48079814213349714
14100,409715.0,4757.0,591354.0,1001069.0,0.40927748237134504,0.590722517628655
14140,865580.0,7899.0,837369.0,1702949.0,0.5082829843994153,0.4917170156005846
14180,44197.0,139.0,46889.0,91086.0,0.4852227565158202,0.5147772434841797
14220,2411809.0,29573.0,2925493.0,5337302.0,0.4518779338324869,0.5481220661675131
14260,431909.0,5624.0,713584.0,1145493.0,0.377050754565938,0.622949245434062
14340,424265.0,3590.0,597977.0,1022242.0,0.4150338178239595,0.5849661821760405
14380,60889.0,0.0,63999.0,124888.0,0.48754884376401253,0.5124511562359875
14420,11606.0,59.0,49138.0,60744.0,0.19106413802186223,0.8089358619781377
14460,10898018.0,154504.0,6894942.0,17792960.0,0.6124904456594069,0.38750955434059314
14500,557131.0,16498.0,238740.0,795871.0,0.7000267631312109,0.299973236868789
14540,1603056.0,12703.0,2686129.0,4289185.0,0.3737437298694274,0.6262562701305726
14580,109052.0,2623.0,129074.0,238126.0,0.4579592316672686,0.5420407683327314
14620,27591.0,403.0,51006.0,78597.0,0.351043932974541,0.6489560670254589
14660,468719.0,6097.0,682419.0,1151138.0,0.4071788091436474,0.5928211908563525
14700,64906.0,546.0,167285.0,232191.0,0.2795371052280235,0.7204628947719766
14720,800574.0,8242.0,611497.0,1412071.0,0.5669502454196709,0.4330497545803292
14740,310155.0,4607.0,257196.0,567351.0,0.5466721659078772,0.45332783409212285
14780,2411809.0,29573.0,2925493.0,5337302.0,0.4518779338324869,0.5481220661675131
14820,31800.0,0.0,47952.0,79752.0,0.3987360818537466,0.6012639181462534
14860,1263337.0,13849.0,1072982.0,2336319.0,0.5407382296681232,0.45926177033187676
15020,495733.0,5526.0,837618.0,1333351.0,0.37179482371858574,0.6282051762814143
15060,42290.0,750.0,81174.0,123464.0,0.3425289963066157,0.6574710036933843
15100,27902.0,0.0,33273.0,61175.0,0.4561013485901103,0.5438986514098897
15180,232922.0,795.0,167484.0,400406.0,0.5817145597218822,0.4182854402781177
15220,419375.0,4661.0,564547.0,983922.0,0.42622789204835343,0.5737721079516466
15260,90065.0,173.0,162217.0,252282.0,0.357001292204755,0.642998707795245
15340,267489.0,3114.0,422355.0,689844.0,0.38775288326056323,0.6122471167394368
15380,1827324.0,25275.0,1426701.0,3254025.0,0.561558070389748,0.4384419296102519
15420,12568.0,50.0,58077.0,70645.0,0.17790360251964046,0.8220963974803596
15460,243983.0,947.0,390904.0,634887.0,0.3842935829525569,0.6157064170474431
15500,125771.0,0.0,174451.0,300222.0,0.41892666093757286,0.5810733390624271
15540,2622127.0,27669.0,2345863.0,4967990.0,0.5278044037930834,0.4721955962069167
15580,49426.0,876.0,29304.0,78730.0,0.6277911850628731,0.3722088149371269
15620,40477.0,475.0,66524.0,107001.0,0.37828618424126875,0.6217138157587312
15660,18949.0,18.0,61116.0,80065.0,0.23667020545806533,0.7633297945419347
15700,127264.0,698.0,182392.0,309656.0,0.41098509313560855,0.5890149068643915
15740,33845.0,405.0,47777.0,81622.0,0.4146553625248095,0.5853446374751905
15780,446465.0,2676.0,642427.0,1088892.0,0.4100177060718602,0.5899822939281398
15820,123725.0,1166.0,300632.0,424357.0,0.2915587583096308,0.7084412416903692
15860,66513.0,916.0,152208.0,218721.0,0.30409974350885377,0.6959002564911463
15900,1336093.0,2769.0,853610.0,2189703.0,0.6101708770550162,0.38982912294498384
15940,854862.0,8591.0,1221126.0,2075988.0,0.41178561725790325,0.5882143827420968
15980,875098.0,5598.0,1264665.0,2139763.0,0.4089695914921419,0.5910304085078582
16020,89502.0,445.0,207484.0,296986.0,0.30136774124032784,0.6986322587596722
16060,1791475.0,18768.0,2545672.0,4337147.0,0.41305378858498454,0.5869462114150155
16100,34930.0,292.0,65164.0,100094.0,0.34897196635162947,0.6510280336483706
16180,48319.0,605.0,61193.0,109512.0,0.4412210534005406,0.5587789465994594
16220,44522.0,590.0,107541.0,152063.0,0.2927865424199181,0.7072134575800819
16260,43475.0,699.0,98428.0,141903.0,0.3063712536028132,0.6936287463971869
16300,1002637.0,10015.0,1307938.0,2310575.0,0.4339339774731398,0.5660660225268602
16340,1337081.0,8711.0,1518943.0,2856024.0,0.46816168211471615,0.5318383178852839
16380,713317.0,6715.0,603579.0,1316896.0,0.5416654010643209,0.45833459893567907
16460,1897989.0,11837.0,1932045.0,3830034.0,0.49555408646502874,0.5044459135349713
16500,113179.0,1567.0,207888.0,321067.0,0.3525089778768917,0.6474910221231083
16540,2354151.0,21726.0,2223175.0,4577326.0,0.5143070430203136,0.4856929569796864
16580,286646.0,4422.0,309212.0,595858.0,0.4810642804158038,0.5189357195841963
16620,1171313.0,8234.0,1710318.0,2881631.0,0.4064757076808238,0.5935242923191761
16660,1233030.0,12188.0,1141095.0,2374125.0,0.5193618701626915,0.48063812983730847
16700,682508.0,4207.0,816132.0,1498640.0,0.4554182458762611,0.5445817541237389
16740,5445623.0,36323.0,6520386.0,11966009.0,0.45509099984798607,0.5449090001520139
16820,860760.0,8429.0,1215501.0,2076261.0,0.4145721563907428,0.5854278436092573
16860,3598859.0,24283.0,4167534.0,7766393.0,0.46338873142268233,0.5366112685773177
16940,67273.0,608.0,121048.0,188321.0,0.3572251634177813,0.6427748365822187
16980,13876777.0,85830.0,8840128.0,22716905.0,0.6108568486772296,0.38914315132277044
17020,213299.0,5732.0,253854.0,467153.0,0.45659345011163366,0.5434065498883663
17060,65019.0,421.0,81354.0,146373.0,0.44420077473304503,0.555799225266955
17140,5514153.0,47631.0,7768804.0,13282957.0,0.41512992927704273,0.5848700707229573
17200,4868323.0,42582.0,4910870.0,9779193.0,0.4978246159984776,0.5021753840015224
17220,414682.0,3343.0,799892.0,1214574.0,0.34142176598544016,0.6585782340145598
17260,34170.0,48.0,15393.0,49563.0,0.6894255795654016,0.3105744204345984
17300,4261448.0,30273.0,3630122.0,7891570.0,0.5400000253434994,0.45999997465650055
17340,2052629.0,14023.0,1808032.0,3860661.0,0.5316781245491381,0.4683218754508619
17380,46958.0,64.0,23751.0,70709.0,0.6641021652123492,0.3358978347876508
17420,1388513.0,9016.0,1660939.0,3049452.0,0.45533197440064643,0.5446680255993536
17460,4828545.0,37698.0,3528166.0,8356711.0,0.5778044735542488,0.4221955264457512
17500,21564.0,104.0,27834.0,49398.0,0.4365358921413822,0.5634641078586178
17540,363230.0,3393.0,450910.0,814140.0,0.4461517675092736,0.5538482324907265
17580,42290.0,750.0,81174.0,123464.0,0.3425289963066157,0.6574710036933843
17660,88307.0,1083.0,186552.0,274859.0,0.32128109321506665,0.6787189067849334
17700,4136802.0,29519.0,3378717.0,7515519.0,0.5504346406415844,0.4495653593584156
17740,34082.0,279.0,50882.0,84964.0,0.40113459818275976,0.5988654018172402
17780,159409.0,1624.0,309348.0,468757.0,0.3400674549926721,0.6599325450073279
17820,1048736.0,10385.0,1146597.0,2195333.0,0.4777115817964746,0.5222884182035253
17860,424265.0,3590.0,597977.0,1022242.0,0.4150338178239595,0.5849661821760405
17900,2424445.0,22264.0,2504086.0,4928531.0,0.4919204119848287,0.5080795880151713
17980,4967555.0,35484.0,5059192.0,10026747.0,0.4954303723829872,0.5045696276170127
18020,52239.0,181.0,91083.0,143322.0,0.3644869594340018,0.6355130405659982
18060,152043.0,378.0,171270.0,323313.0,0.47026565588145236,0.5297343441185477
18100,115213.0,983.0,184137.0,299350.0,0.3848772340070152,0.6151227659929848
18140,7435517.0,61667.0,7757066.0,15192583.0,0.48941756645331475,0.5105824335466852
18180,200629.0,2343.0,172296.0,372925.0,0.5379875310048937,0.46201246899510623
18220,681870.0,5076.0,885825.0,1567695.0,0.4349506759924603,0.5650493240075397
18260,1655000.0,17397.0,2267712.0,3922712.0,0.42190199025572106,0.5780980097442789
18300,104042.0,1873.0,118133.0,222175.0,0.46828851130865307,0.5317114886913469
18380,13714.0,1.0,20305.0,34019.0,0.40312766395249716,0.5968723360475029
18420,20809.0,101.0,49594.0,70403.0,0.29556979106004005,0.7044302089399599
18460,12964.0,36.0,54520.0,67484.0,0.1921047952107166,0.8078952047892833
18500,96708.0,1288.0,163203.0,259911.0,0.372081212415019,0.627918787584981
18580,286307.0,1935.0,356122.0,642429.0,0.4456632561730557,0.5543367438269443
18620,24377.0,105.0,52724.0,77101.0,0.316169699485091,0.683830300514909
18660,50642.0,943.0,48379.0,99021.0,0.5114268690479797,0.48857313095202026
18700,479501.0,5716.0,705476.0,1184977.0,0.40465004806000454,0.5953499519399955
18740,31114.0,295.0,45370.0,76484.0,0.4068040374457403,0.5931959625542597
18780,6364.0,169.0,22222.0,28586.0,0.22262646050514237,0.7773735394948577
18820,4136802.0,29519.0,3378717.0,7515519.0,0.5504346406415844,0.4495653593584156
18860,18608.0,485.0,24597.0,43205.0,0.4306908922578405,0.5693091077421595
18880,178245.0,1288.0,551154.0,729399.0,0.2443724216786697,0.7556275783213303
18900,1186273.0,11681.0,1081973.0,2268246.0,0.522991333391528,0.4770086666084719
18980,32517.0,282.0,136859.0,169376.0,0.19198115435480823,0.8080188456451918
19000,1327209.0,14270.0,1719649.0,3046858.0,0.4355992304203215,0.5644007695796784
19060,104489.0,1680.0,200910.0,305399.0,0.3421392997357555,0.6578607002642445
19100,5418649.0,41523.0,7341160.0,12759809.0,0.42466536920732906,0.575334630792671
19140,68955.0,290.0,166194.0,235149.0,0.2932396055267086,0.7067603944732914
19180,103927.0,912.0,171153.0,275080.0,0.37780645630362075,0.6221935436963792
19220,517863.0,5703.0,874952.0,1392815.0,0.37181032656885515,0.6281896734311448
19260,48580.0,207.0,92980.0,141560.0,0.34317603842893474,0.6568239615710653
19300,123572.0,1055.0,330872.0,454444.0,0.2719190923414106,0.7280809076585893
19340,1815313.0,13522.0,1938696.0,3754009.0,0.4835665018384346,0.5164334981615654
19380,4894344.0,36240.0,4622520.0,9516864.0,0.514281174975286,0.48571882502471403
19420,14862.0,74.0,37692.0,52554.0,0.2827948395935609,0.7172051604064391
19460,535539.0,3430.0,991905.0,1527444.0,0.35061121717064586,0.6493887828293541
19500,220745.0,1121.0,243931.0,464676.0,0.4750514336871282,0.5249485663128718
19540,677869.0,6417.0,777029.0,1454898.0,0.46592200965291036,0.5340779903470896
19580,34649.0,365.0,53204.0,87853.0,0.3943974593923941,0.6056025406076059
19620,30044.0,129.0,30468.0,60512.0,0.4964965626652565,0.5035034373347436
19660,666891.0,3345.0,685732.0,1352623.0,0.493035383843096,0.506964616156904
19700,17404.0,186.0,18577.0,35981.0,0.4836997304132737,0.5163002695867264
19740,7571790.0,76309.0,7538021.0,15109811.0,0.5011174527596672,0.49888254724033276
19760,15916.0,155.0,51400.0,67316.0,0.23643710262047657,0.7635628973795234
19780,5242226.0,34691.0,5859225.0,11101451.0,0.47221088486541085,0.5277891151345891
19820,6423975.0,35828.0,5093671.0,11517646.0,0.5577506896808602,0.4422493103191399
19860,444981.0,4388.0,491337.0,936318.0,0.4752455896394174,0.5247544103605826
19940,875098.0,5598.0,1264665.0,2139763.0,0.4089695914921419,0.5910304085078582
19980,21891.0,316.0,50316.0,72207.0,0.3031700527649674,0.6968299472350327
20020,631884.0,2460.0,982321.0,1614205.0,0.39145213897863035,0.6085478610213697
20060,80183.0,314.0,171450.0,251633.0,0.31865057444770756,0.6813494255522924
20100,1026958.0,10511.0,1115000.0,2141958.0,0.4794482431494922,0.5205517568505078
20140,1084567.0,11405.0,1533029.0,2617596.0,0.4143370481923108,0.5856629518076892
20180,59112.0,570.0,102493.0,161605.0,0.36578076173385726,0.6342192382661428
20220,129131.0,987.0,99953.0,229084.0,0.563684063487629,0.436315936512371
20260,1694849.0,25063.0,1860549.0,3555398.0,0.4766974049037548,0.5233025950962452
20300,84752.0,51.0,162124.0,246876.0,0.34329784993275975,0.6567021500672402
20340,38764.0,41.0,114883.0,153647.0,0.25229259276132954,0.7477074072386705
20380,71571.0,0.0,112442.0,184013.0,0.38894534625271043,0.6110546537472896
20420,68344.0,2378.0,58581.0,126925.0,0.5384597203072681,0.4615402796927319
20460,38329.0,0.0,85403.0,123732.0,0.3097743510167135,0.6902256489832864
20500,5248984.0,36960.0,4897518.0,10146502.0,0.5173195649101533,0.4826804350898467
20540,21696.0,88.0,44689.0,66385.0,0.32682081795586354,0.6731791820441365
20580,39197.0,53.0,14471.0,53668.0,0.7303607363792204,0.2696392636207796
20660,49845.0,427.0,58866.0,108711.0,0.45850925849270086,0.5414907415072991
20700,1712937.0,19246.0,1565122.0,3278059.0,0.5225461164670923,0.47745388353290774
20740,264420.0,4063.0,246127.0,510547.0,0.5179150989037248,0.48208490109627516
20780,56594.0,1045.0,42278.0,98872.0,0.5723966340318796,0.4276033659681204
20820,42400.0,226.0,127617.0,170017.0,0.24938682602328002,0.75061317397672
20900,22950.0,103.0,47073.0,70023.0,0.3277494537509104,0.6722505462490895
20940,111409.0,608.0,63641.0,175050.0,0.6364410168523279,0.3635589831476721
20980,1052815.0,6943.0,1125944.0,2178759.0,0.4832177400070407,0.5167822599929593
21020,844055.0,6392.0,545339.0,1389394.0,0.6074986648855544,0.39250133511444557
21060,191282.0,1274.0,404535.0,595817.0,0.32104152785167256,0.6789584721483274
21120,8341.0,0.0,27109.0,35450.0,0.23528913963328632,0.7647108603667137
21140,110905.0,642.0,203364.0,314269.0,0.35289831322847626,0.6471016867715238
21180,189088.0,706.0,398801.0,587889.0,0.32163894884918753,0.6783610511508125
21220,17664.0,236.0,62650.0,80314.0,0.21993674826306747,0.7800632517369326
21260,35715.0,644.0,46132.0,81847.0,0.4363629699317018,0.5636370300682981
21300,82913.0,1195.0,95120.0,178033.0,0.4657170299888223,0.5342829700111777
21340,1031796.0,9971.0,1107956.0,2139752.0,0.4822035450837293,0.5177964549162707
21380,97138.0,1357.0,162414.0,259552.0,0.37425255825422266,0.6257474417457773
21420,80433.0,1731.0,158484.0,238917.0,0.33665666319265686,0.6633433368073431
21460,80183.0,314.0,171450.0,251633.0,0.31865057444770756,0.6813494255522924
21500,1609200.0,22018.0,1204757.0,2813957.0,0.5718637491617675,0.4281362508382324
21540,66168.0,1258.0,106230.0,172398.0,0.38380955695541713,0.6161904430445829
21580,51682.0,377.0,19726.0,71408.0,0.7237564418552543,0.27624355814474566
21660,506698.0,10268.0,334010.0,840708.0,0.6027039114650985,0.39729608853490156
21700,187188.0,7337.0,142865.0,330053.0,0.5671452766676867,0.4328547233323133
21740,8612.0,76.0,30082.0,38694.0,0.22256680622318706,0.777433193776813
21780,415615.0,1076.0,662199.0,1077814.0,0.38560920529887344,0.6143907947011266
21840,3819991.0,31112.0,3985190.0,7805181.0,0.4894173498346803,0.5105826501653197
21900,1897989.0,11837.0,1932045.0,3830034.0,0.49555408646502874,0.5044459135349713
21980,13561.0,189.0,35295.0,48856.0,0.27757082037006714,0.7224291796299329
22020,966035.0,8479.0,1492945.0,2458980.0,0.39286004766203875,0.6071399523379613
22060,83758.0,1767.0,82671.0,166429.0,0.5032656568266348,0.49673434317336523
22140,117785.0,1963.0,165795.0,283580.0,0.4153501657380633,0.5846498342619366
22180,1226113.0,11681.0,1111541.0,2337654.0,0.5245057651816736,0.4754942348183264
22220,4077977.0,43004.0,5270544.0,9348521.0,0.43621627421064785,0.5637837257893521
22260,57243.0,1120.0,94573.0,151816.0,0.3770551193550087,0.6229448806449913
22280,97138.0,1357.0,162414.0,259552.0,0.37425255825422266,0.6257474417457773
22300,284768.0,4199.0,453536.0,738304.0,0.3857056171983356,0.6142943828016644
22340,11617.0,0.0,16264.0,27881.0,0.4166636777733941,0.5833363222266059
22380,142617.0,2478.0,104602.0,247219.0,0.5768852717630927,0.4231147282369074
22420,671488.0,4547.0,454539.0,1126027.0,0.5963338356895528,0.4036661643104473
22500,192429.0,608.0,216720.0,409149.0,0.470315215239436,0.529684784760564
22520,188556.0,749.0,299303.0,487859.0,0.3864969181669294,0.6135030818330707
22540,100630.0,1389.0,149402.0,250032.0,0.4024684840340436,0.5975315159659563
22580,214987.0,1024.0,360579.0,575566.0,0.37352275846731736,0.6264772415326826
22660,390003.0,8194.0,377760.0,767763.0,0.5079731635934527,0.4920268364065473
22700,127843.0,723.0,203784.0,331627.0,0.38550238671760745,0.6144976132823926
22780,511061.0,2311.0,547862.0,1058923.0,0.4826233824366833,0.5173766175633167
22800,3582792.0,25467.0,3876595.0,7459387.0,0.48030649167284123,0.5196935083271588
22820,225223.0,1669.0,487708.0,712931.0,0.3159113574805977,0.6840886425194023
22860,69452.0,983.0,116498.0,185950.0,0.37349825221833827,0.6265017477816618
22900,361631.0,3617.0,605485.0,967116.0,0.3739272227943701,0.6260727772056299
23060,448428.0,1844.0,772919.0,1221347.0,0.3671585552672582,0.6328414447327418
23140,363230.0,3393.0,450910.0,814140.0,0.4461517675092736,0.5538482324907265
23180,2561469.0,23164.0,2650526.0,5211995.0,0.4914565343980568,0.5085434656019432
23240,10534.0,220.0,47708.0,58242.0,0.18086604168812884,0.8191339583118712
23300,46257.0,476.0,54431.0,100688.0,0.4594092642618783,0.5405907357381218
23340,141485.0,1869.0,221983.0,363468.0,0.38926397922238,0.61073602077762
23380,63870.0,587.0,74158.0,138028.0,0.46273219926391745,0.5372678007360825
23420,605389.0,6541.0,638884.0,1244273.0,0.4865403331905458,0.5134596668094542
23460,69503.0,435.0,140164.0,209667.0,0.33149231877214824,0.6685076812278518
23500,241997.0,1034.0,612443.0,854440.0,0.28322292963812556,0.7167770703618744
23540,340219.0,3323.0,252579.0,592798.0,0.5739206272625751,0.4260793727374249
23580,99525.0,791.0,280807.0,380332.0,0.2616792696906913,0.7383207303093087
23620,13944.0,124.0,59039.0,72983.0,0.1910581916336681,0.8089418083663319
23660,543892.0,4790.0,818981.0,1362873.0,0.3990775369385115,0.6009224630614884
23700,69321.0,392.0,29453.0,98774.0,0.7018142426144532,0.2981857573855468
23780,15277.0,198.0,39008.0,54285.0,0.28142212397531546,0.7185778760246845
23820,1292986.0,18139.0,1629245.0,2922231.0,0.4424653629367425,0.5575346370632575
23860,61719.0,270.0,72846.0,134565.0,0.4586556682644075,0.5413443317355925
23900,677869.0,6417.0,777029.0,1454898.0,0.46592200965291036,0.5340779903470896
23940,141417.0,1116.0,313778.0,455195.0,0.3106734476433177,0.6893265523566823
23980,31796.0,149.0,69123.0,100919.0,0.3150645567237091,0.6849354432762909
24020,3077851.0,35708.0,3951674.0,7029525.0,0.4378462271632863,0.5621537728367137
24060,112436.0,2744.0,171891.0,284327.0,0.3954460884826274,0.6045539115173726
24100,1336093.0,2769.0,853610.0,2189703.0,0.6101708770550162,0.38982912294498384
24140,3374399.0,15146.0,1903839.0,5278238.0,0.6393040632120037,0.3606959367879963
24220,1401307.0,10078.0,1598036.0,2999343.0,0.4672046511519356,0.5327953488480643
24260,2187593.0,16990.0,2615146.0,4802739.0,0.4554886284680471,0.544511371531953
24300,104612.0,2235.0,215764.0,320376.0,0.326528828626364,0.673471171373636
24340,1435200.0,14242.0,1853423.0,3288623.0,0.4364136600638018,0.5635863399361982
24380,22569.0,164.0,15553.0,38122.0,0.5920203557001207,0.4079796442998793
24420,72896.0,1783.0,121996.0,194892.0,0.3740327976520329,0.6259672023479671
24460,19552.0,326.0,61731.0,81283.0,0.24054230281854755,0.7594576971814525
24500,71909.0,1202.0,92026.0,163935.0,0.4386433647482234,0.5613566352517766
24540,198165.0,2438.0,289952.0,488117.0,0.4059784846665861,0.594021515333414
24580,484368.0,5486.0,644972.0,1129340.0,0.42889475268741034,0.5711052473125896
24620,632042.0,5504.0,989330.0,1621372.0,0.3898192395082683,0.6101807604917316
24640,2354151.0,21726.0,2223175.0,4577326.0,0.5143070430203136,0.4856929569796864
24660,1307070.0,6458.0,1519870.0,2826940.0,0.46236213007704446,0.5376378699229556
24700,52964.0,191.0,93597.0,146561.0,0.3613785386289668,0.6386214613710333
24740,2411809.0,29573.0,2925493.0,5337302.0,0.4518779338324869,0.5481220661675131
24780,168777.0,0.0,157614.0,326391.0,0.5171006553489527,0.4828993446510474
24820,34850.0,452.0,88534.0,123384.0,0.28245153342410684,0.7175484665758931
24860,685839.0,4693.0,1354316.0,2040155.0,0.336170045903375,0.663829954096625
24900,449342.0,4246.0,749746.0,1199088.0,0.3747364663811163,0.6252635336188836
24940,76679.0,410.0,115698.0,192377.0,0.3985871491914314,0.6014128508085685
24980,23058.0,42.0,29163.0,52221.0,0.4415465042798874,0.5584534957201126
25060,1899689.0,20578.0,2661422.0,4561111.0,0.4164969894396343,0.5835030105603657
25100,19902.0,137.0,62379.0,82281.0,0.24187844095234623,0.7581215590476538
25180,2600291.0,30451.0,3207813.0,5808104.0,0.447700488834222,0.552299511165778
25200,538123.0,6024.0,880411.0,1418534.0,0.37935149950582786,0.6206485004941722
25220,82226.0,405.0,143585.0,225811.0,0.3641363795386407,0.6358636204613592
25260,2879153.0,20544.0,754532.0,3633685.0,0.7923507403641207,0.20764925963587927
25300,1906968.0,11873.0,1947664.0,3854632.0,0.49472115626083113,0.5052788437391689
25420,1655594.0,14884.0,1641681.0,3297275.0,0.5021097724636253,0.49789022753637474
25460,577677.0,4153.0,856721.0,1434398.0,0.40273132003809264,0.5972686799619074
25500,499439.0,5752.0,637852.0,1137291.0,0.4391479401490032,0.5608520598509968
25540,4834377.0,76511.0,2783221.0,7617598.0,0.6346327280594224,0.3653672719405776
25580,677869.0,6417.0,777029.0,1454898.0,0.46592200965291036,0.5340779903470896
25620,293127.0,1880.0,536372.0,829499.0,0.3533783645308795,0.6466216354691205
25700,87030.0,920.0,230776.0,317806.0,0.27384630875439736,0.7261536912456027
25720,11476.0,259.0,28087.0,39563.0,0.2900690038672497,0.7099309961327503
25740,3889902.0,32757.0,4065439.0,7955341.0,0.48896734910546263,0.5110326508945374
25760,34340.0,252.0,41810.0,76150.0,0.4509520682862771,0.5490479317137229
25780,54572.0,0.0,34815.0,89387.0,0.6105138331077226,0.3894861668922774
25820,6044.0,27.0,17245.0,23289.0,0.25952166258748766,0.7404783374125123
25840,74796.0,1047.0,141935.0,216731.0,0.34510983661774275,0.6548901633822573
25860,322695.0,488.0,600032.0,922727.0,0.3497188225769919,0.6502811774230081
25880,34288.0,363.0,60330.0,94618.0,0.36238347883066646,0.6376165211693335
25900,203088.0,4604.0,86202.0,289290.0,0.7020221922638183,0.2979778077361817
25940,385145.0,2054.0,606302.0,991447.0,0.38846756306691127,0.6115324369330887
25980,84626.0,269.0,131327.0,215953.0,0.3918723055479665,0.6081276944520335
26020,20619.0,169.0,62977.0,83596.0,0.24665055744293984,0.7533494425570602
26090,97871.0,930.0,157586.0,255457.0,0.38312122979601265,0.6168787702039874
26140,137511.0,1379.0,212091.0,349602.0,0.39333585048140457,0.6066641495185955
26220,28529.0,645.0,17811.0,46340.0,0.6156452309020285,0.3843547690979715
26300,75894.0,566.0,119758.0,195652.0,0.38790301146934353,0.6120969885306564
26340,35603.0,571.0,45421.0,81024.0,0.43941301342812006,0.5605869865718799
26380,119168.0,734.0,266234.0,385402.0,0.30920441513017577,0.6907955848698243
26420,7929591.0,58529.0,7686058.0,15615649.0,0.5077977226562918,0.49220227734370825
26460,395419.0,4625.0,567977.0,963396.0,0.41044285008449277,0.5895571499155072
26500,27521.0,340.0,60752.0,88273.0,0.3117714363395376,0.6882285636604625
26540,21941.0,162.0,54532.0,76473.0,0.28691172047650804,0.713088279523492
26580,4637834.0,26596.0,3972042.0,8609876.0,0.5386644360499501,0.46133556395004993
26620,1235856.0,7858.0,1749149.0,2985005.0,0.4140214170495527,0.5859785829504474
26660,119493.0,974.0,272513.0,392006.0,0.30482441595281706,0.6951755840471829
26700,14945.0,0.0,22003.0,36948.0,0.40448738767998266,0.5955126123200173
26740,42977.0,877.0,80270.0,123247.0,0.34870625654174137,0.6512937434582586
26780,31772.0,681.0,54406.0,86178.0,0.3686787811274339,0.6313212188725661
26820,4079131.0,37207.0,4382389.0,8461520.0,0.48208016999309816,0.5179198300069018
26860,72564.0,711.0,102925.0,175489.0,0.4134960025984535,0.5865039974015466
26900,8720497.0,64432.0,10947271.0,19667768.0,0.4433902718396922,0.5566097281603077
26940,33800.0,30.0,15829.0,49629.0,0.6810534163493119,0.3189465836506881
26960,52063.0,423.0,75642.0,127705.0,0.407681766571395,0.592318233428605
26980,3415427.0,40765.0,4329629.0,7745056.0,0.4409815758594902,0.5590184241405097
27020,182954.0,1234.0,242899.0,425853.0,0.4296177319403644,0.5703822680596357
27060,131054.0,4548.0,59379.0,190433.0,0.6881895469797776,0.3118104530202223
27100,1327209.0,14270.0,1719649.0,3046858.0,0.4355992304203215,0.5644007695796784
27140,1649022.0,8759.0,2104062.0,3753084.0,0.4393778556515122,0.5606221443484878
27160,1327209.0,14270.0,1719649.0,3046858.0,0.4355992304203215,0.5644007695796784
27180,1826885.0,12077.0,2262839.0,4089724.0,0.44670129329020736,0.5532987067097926
27220,89182.0,2034.0,90946.0,180128.0,0.49510348196837806,0.5048965180316219
27260,3148223.0,21850.0,3438318.0,6586541.0,0.47797819826825644,0.5220218017317436
27300,709843.0,5583.0,1109594.0,1819437.0,0.3901443138729178,0.6098556861270822
27340,77022.0,0.0,145190.0,222212.0,0.3466149442874372,0.6533850557125628
27380,241997.0,1034.0,612443.0,854440.0,0.28322292963812556,0.7167770703618744
27420,16644.0,256.0,29907.0,46551.0,0.3575433395630599,0.6424566604369402
27460,125793.0,1924.0,151071.0,276864.0,0.4543494278779473,0.5456505721220527
27500,236223.0,2113.0,168010.0,404233.0,0.5843733688244156,0.4156266311755844
27540,269526.0,1329.0,410313.0,679839.0,0.3964556314068478,0.6035443685931522
27600,1327209.0,14270.0,1719649.0,3046858.0,0.4355992304203215,0.5644007695796784
27620,156629.0,871.0,300575.0,457204.0,0.3425801174092965,0.6574198825907035
27700,3374399.0,15146.0,1903839.0,5278238.0,0.6393040632120037,0.3606959367879963
27740,2500885.0,29917.0,3128143.0,5629028.0,0.444283631205956,0.5557163687940441
27780,138466.0,1369.0,171465.0,309931.0,0.44676395713884703,0.553236042861153
27860,73583.0,496.0,112021.0,185604.0,0.39645158509514883,0.6035484149048512
27900,365871.0,1771.0,617781.0,983652.0,0.3719516658330385,0.6280483341669615
27920,14736.0,158.0,21818.0,36554.0,0.4031296164578432,0.5968703835421568
27940,27048.0,297.0,29065.0,56113.0,0.4820273376935826,0.5179726623064174
27980,161546.0,2499.0,67265.0,228811.0,0.7060237488582279,0.293976251141772
28020,425174.0,3984.0,381406.0,806580.0,0.5271318406109747,0.47286815938902527
28060,63239.0,2037.0,132646.0,195885.0,0.322837379074457,0.677162620925543
28100,104499.0,713.0,115580.0,220079.0,0.47482494922277907,0.5251750507772209
28140,4931625.0,48380.0,6756207.0,11687832.0,0.42194523329904127,0.5780547667009588
28180,83899.0,1474.0,36263.0,120162.0,0.6982157420815233,0.30178425791847674
28260,46974.0,874.0,97179.0,144153.0,0.32586210484693345,0.6741378951530665
28300,116235.0,1750.0,77493.0,193728.0,0.5999907086223984,0.4000092913776016
28340,42467.0,220.0,89658.0,132125.0,0.32141532639545883,0.6785846736045411
28380,20384.0,78.0,34066.0,54450.0,0.37436179981634526,0.6256382001836547
28420,2833652.0,27442.0,2928651.0,5762303.0,0.4917568548547343,0.5082431451452657
28500,23148.0,463.0,82928.0,106076.0,0.21822089822391494,0.7817791017760851
28580,1712937.0,19246.0,1565122.0,3278059.0,0.5225461164670923,0.47745388353290774
28620,38484.0,0.0,52525.0,91009.0,0.4228592776538584,0.5771407223461416
28660,212108.0,1110.0,363378.0,575486.0,0.36857195483469624,0.6314280451653037
28700,3166701.0,36277.0,3988540.0,7155241.0,0.4425708372366493,0.5574291627633506
28740,222169.0,5732.0,160786.0,382955.0,0.5801438811348592,0.4198561188651408
28780,24250.0,133.0,23307.0,47557.0,0.5099144184872889,0.4900855815127111
28820,59694.0,0.0,65445.0,125139.0,0.47702155203413804,0.522978447965862
28860,78085.0,872.0,132164.0,210249.0,0.3713929673862896,0.6286070326137104
28900,40687.0,867.0,100034.0,140721.0,0.28913239672827795,0.710867603271722
28940,2342655.0,16973.0,3623619.0,5966274.0,0.392649583307773,0.607350416692227
29020,528450.0,4365.0,461008.0,989458.0,0.5340802742511557,0.4659197257488443
29060,71002.0,977.0,86007.0,157009.0,0.4522161149997771,0.5477838850002229
29100,364678.0,3106.0,486184.0,850862.0,0.42859829208496797,0.5714017079150321
29180,451170.0,3842.0,795586.0,1246756.0,0.3618751383590695,0.6381248616409305
29200,1020194.0,10973.0,1581615.0,2601809.0,0.3921094899740911,0.6078905100259089
29260,1052815.0,6943.0,1125944.0,2178759.0,0.4832177400070407,0.5167822599929593
29300,44724.0,80.0,71701.0,116425.0,0.3841442989048744,0.6158557010951257
29340,384604.0,1690.0,408135.0,792739.0,0.4851584191013688,0.5148415808986312
29380,395419.0,4625.0,567977.0,963396.0,0.41044285008449277,0.5895571499155072
29420,97053.0,1323.0,212963.0,310016.0,0.3130580357142857,0.6869419642857143
29460,1337081.0,8711.0,1518943.0,2856024.0,0.46816168211471615,0.5318383178852839
29500,29428.0,303.0,95896.0,125324.0,0.23481535859053335,0.7651846414094666
29540,764950.0,9772.0,1067483.0,1832433.0,0.41745046067168623,0.5825495393283138
29620,895504.0,7672.0,822905.0,1718409.0,0.5211239000726835,0.4788760999273165
29660,468000.0,8170.0,278823.0,746823.0,0.6266545084979975,0.37334549150200247
29700,155130.0,256.0,67973.0,223103.0,0.6953290632577778,0.3046709367422222
29740,171042.0,1158.0,131575.0,302617.0,0.5652094892223504,0.43479051077764963
29780,55468.0,904.0,17864.0,73332.0,0.7563955708285606,0.24360442917143948
29820,2422926.0,15670.0,2158394.0,4581320.0,0.5288707184828827,0.47112928151711736
29860,315991.0,1627.0,552332.0,868323.0,0.36390951293470286,0.6360904870652971
29900,39117.0,37.0,33680.0,72797.0,0.5373435718504883,0.46265642814951163
29940,1292986.0,18139.0,1629245.0,2922231.0,0.4424653629367425,0.5575346370632575
29980,310316.0,1761.0,504197.0,814513.0,0.3809834833820946,0.6190165166179055
30020,72764.0,51.0,127034.0,199798.0,0.36418782970800506,0.6358121702919949
30060,20260.0,142.0,53824.0,74084.0,0.27347335457048755,0.7265266454295124
30140,96365.0,873.0,176334.0,272699.0,0.3533749665381978,0.6466250334618022
30220,7347.0,41.0,28560.0,35907.0,0.2046119141114546,0.7953880858885454
30260,1052815.0,6943.0,1125944.0,2178759.0,0.4832177400070407,0.5167822599929593
30280,273774.0,1756.0,442953.0,716727.0,0.38197807533412304,0.618021924665877
30300,47204.0,356.0,79684.0,126888.0,0.3720131139272429,0.6279868860727571
30340,139611.0,2388.0,117531.0,257142.0,0.5429334764449215,0.45706652355507854
30380,23249.0,264.0,58088.0,81337.0,0.28583547463024206,0.7141645253697579
30420,30534.0,322.0,99847.0,130381.0,0.2341905645761269,0.7658094354238731
30460,3696096.0,25673.0,3874309.0,7570405.0,0.4882296257597843,0.5117703742402157
30580,18187.0,305.0,43622.0,61809.0,0.2942451746509408,0.7057548253490592
30620,390152.0,1626.0,623097.0,1013249.0,0.38505046637104995,0.61494953362895
30660,151164.0,1144.0,308760.0,459924.0,0.3286716935841574,0.6713283064158426
30700,783137.0,10077.0,1111105.0,1894242.0,0.4134302797636205,0.5865697202363795
30780,1182407.0,9266.0,1711499.0,2893906.0,0.40858514409244806,0.5914148559075519
30820,363230.0,3393.0,450910.0,814140.0,0.4461517675092736,0.5538482324907265
30860,2390797.0,23237.0,2366886.0,4757683.0,0.5025128828465453,0.4974871171534547
30880,151164.0,1144.0,308760.0,459924.0,0.3286716935841574,0.6713283064158426
30900,401858.0,4783.0,588009.0,989867.0,0.4059717113511209,0.5940282886488791
30940,603976.0,5065.0,1002184.0,1606160.0,0.3760372565622354,0.6239627434377646
30980,130503.0,1028.0,315206.0,445709.0,0.2927986645995481,0.7072013354004518
31020,105053.0,1429.0,101575.0,206628.0,0.5084160907524634,0.49158390924753664
31060,25932.0,329.0,24652.0,50584.0,0.512652222046497,0.4873477779535031
31080,14994890.0,120095.0,8955902.0,23950792.0,0.6260707370344998,0.3739292629655003
31140,11504572.0,89914.0,12627499.0,24132071.0,0.4767337208646535,0.5232662791353465
31180,131427.0,1072.0,335805.0,467232.0,0.2812885247585782,0.7187114752414219
31220,147418.0,1748.0,178106.0,325524.0,0.4528636905420184,0.5471363094579816
31260,44010.0,245.0,97120.0,141130.0,0.3118401473818465,0.6881598526181535
31300,102764.0,0.0,83335.0,186099.0,0.5522007103745856,0.44779928962541443
31340,282407.0,2072.0,634489.0,916896.0,0.30800330680906013,0.6919966931909398
31380,31237.0,364.0,33118.0,64355.0,0.485385750912905,0.514614249087095
31420,2274649.0,23083.0,2348241.0,4622890.0,0.49204047684457125,0.5079595231554287
31460,76130.0,1080.0,114946.0,191076.0,0.3984278506981515,0.6015721493018484
31500,3819991.0,31112.0,3985190.0,7805181.0,0.4894173498346803,0.5105826501653197
31540,1467461.0,18796.0,1064857.0,2532318.0,0.5794931758175711,0.4205068241824289
31580,46309.0,242.0,108178.0,154487.0,0.2997598503433946,0.7002401496566054
31620,395419.0,4625.0,567977.0,963396.0,0.41044285008449277,0.5895571499155072
31660,2354151.0,21726.0,2223175.0,4577326.0,0.5143070430203136,0.4856929569796864
31680,22697.0,202.0,33482.0,56179.0,0.4040121753680201,0.59598782463198
31700,1729473.0,12955.0,1657302.0,3386775.0,0.5106548264942312,0.4893451735057688
31740,92795.0,1423.0,172026.0,264821.0,0.35040650099501175,0.6495934990049883
31820,95656.0,1301.0,106416.0,202072.0,0.4733758264381013,0.5266241735618987
31860,124374.0,2603.0,114573.0,238947.0,0.5205087320619217,0.47949126793807834
31900,636214.0,4554.0,553810.0,1190024.0,0.5346228311361788,0.46537716886382124
31930,2411809.0,29573.0,2925493.0,5337302.0,0.4518779338324869,0.5481220661675131
31940,76683.0,820.0,85479.0,162162.0,0.4728789728789729,0.5271210271210272
31980,244606.0,2662.0,413858.0,658464.0,0.3714796860572484,0.6285203139427517
32000,43669.0,67.0,74156.0,117825.0,0.37062592828347124,0.6293740717165287
32020,1897989.0,11837.0,1932045.0,3830034.0,0.49555408646502874,0.5044459135349713
32100,104820.0,1131.0,88911.0,193731.0,0.5410595103519829,0.4589404896480171
32140,97138.0,1357.0,162414.0,259552.0,0.37425255825422266,0.6257474417457773
32180,155499.0,2399.0,286466.0,441965.0,0.3518355525890059,0.6481644474109941
32220,287712.0,2109.0,488237.0,775949.0,0.37078725534796747,0.6292127446520326
32260,273774.0,1756.0,442953.0,716727.0,0.38197807533412304,0.618021924665877
32280,22070.0,91.0,40390.0,62460.0,0.3533461415305796,0.6466538584694205
32300,425874.0,1529.0,581078.0,1006952.0,0.42293376446940867,0.5770662355305913
32340,17577.0,215.0,28928.0,46505.0,0.37795935920868723,0.6220406407913127
32380,87431.0,522.0,90963.0,178394.0,0.4901005639203112,0.5098994360796888
32460,26001.0,131.0,51178.0,77179.0,0.3368921597843973,0.6631078402156027
32500,147418.0,1748.0,178106.0,325524.0,0.4528636905420184,0.5471363094579816
32540,29078.0,0.0,54994.0,84072.0,0.34587020648967554,0.6541297935103245
32580,435270.0,996.0,222187.0,657457.0,0.66205090218828,0.33794909781172
32620,253500.0,1315.0,374639.0,628139.0,0.40357309449023226,0.5964269055097677
32660,666042.0,6135.0,1026181.0,1692223.0,0.3935899701162317,0.6064100298837682
32700,19520.0,535.0,50345.0,69865.0,0.27939597795748944,0.7206040220425105
32740,267489.0,3114.0,422355.0,689844.0,0.38775288326056323,0.6122471167394368
32780,1327209.0,14270.0,1719649.0,3046858.0,0.4355992304203215,0.5644007695796784
32820,2980007.0,17846.0,3722373.0,6702380.0,0.44461922481267846,0.5553807751873215
32860,56993.0,1163.0,57727.0,114720.0,0.4968009065550907,0.5031990934449093
32900,151570.0,1166.0,143885.0,295455.0,0.5130053646071314,0.48699463539286864
32940,342584.0,2126.0,398766.0,741350.0,0.4621083159101639,0.5378916840898361
32980,495733.0,5526.0,837618.0,1333351.0,0.37179482371858574,0.6282051762814143
33020,19412.0,113.0,30884.0,50296.0,0.3859551455384126,0.6140448544615874
33060,280132.0,2443.0,531796.0,811928.0,0.3450207407553379,0.654979259244662
33100,6483819.0,18021.0,3954992.0,10438811.0,0.6211261991427951,0.3788738008572049
33180,177625.0,830.0,278036.0,455661.0,0.3898183079087304,0.6101816920912696
33220,131641.0,1269.0,293200.0,424841.0,0.3098594533013527,0.6901405466986472
33260,344696.0,2819.0,612353.0,957049.0,0.36016546697191054,0.6398345330280895
33300,408340.0,5254.0,784408.0,1192748.0,0.3423522822926553,0.6576477177073448
33340,4376758.0,49625.0,4602726.0,8979484.0,0.48741753980518254,0.5125824601948175
33420,12097.0,86.0,35768.0,47865.0,0.25273164107385354,0.7472683589261464
33460,8039745.0,117576.0,7626812.0,15666557.0,0.5131788050175926,0.48682119498240745
33500,351867.0,3878.0,474886.0,826753.0,0.4256011166575749,0.5743988833424252
33540,145122.0,6999.0,111108.0,256230.0,0.5663739608945089,0.43362603910549113
33580,18497.0,0.0,31524.0,50021.0,0.3697846904300194,0.6302153095699806
33620,189088.0,706.0,398801.0,587889.0,0.32163894884918753,0.6783610511508125
33660,355499.0,1585.0,458234.0,813733.0,0.43687425728095086,0.5631257427190491
33700,354927.0,3398.0,382045.0,736972.0,0.4816017433498152,0.5183982566501848
33740,1196126.0,7572.0,1353607.0,2549733.0,0.4691181390365187,0.5308818609634812
33780,1712937.0,19246.0,1565122.0,3278059.0,0.5225461164670923,0.47745388353290774
33860,4366475.0,30366.0,3776237.0,8142712.0,0.5362433302319916,0.4637566697680085
33940,26916.0,656.0,60617.0,87533.0,0.3074954588555173,0.6925045411444827
33980,47941.0,0.0,109572.0,157513.0,0.30436217962961787,0.6956378203703821
34060,91585.0,1151.0,121517.0,213102.0,0.42977072012463513,0.5702292798753649
34100,3851097.0,31293.0,4057634.0,7908731.0,0.4869424690256882,0.5130575309743118
34140,39685.0,999.0,39689.0,79374.0,0.49997480283216167,0.5000251971678383
34180,244606.0,2662.0,413858.0,658464.0,0.3714796860572484,0.6285203139427517
34220,18250.0,5.0,43211.0,61461.0,0.29693626852800964,0.7030637314719904
34260,29525.0,429.0,61888.0,91413.0,0.3229846958310087,0.6770153041689912
34300,49538.0,309.0,146107.0,195645.0,0.2532035063507884,0.7467964936492116
34340,54409.0,29.0,103321.0,157730.0,0.34495023140810244,0.6550497685918976
34380,63683.0,666.0,56165.0,119848.0,0.531364728656298,0.46863527134370203
34420,14571.0,65.0,29327.0,43898.0,0.3319285616656795,0.6680714383343205
34460,4156374.0,29622.0,3404828.0,7561202.0,0.5496975216374328,0.4503024783625672
34500,3819991.0,31112.0,3985190.0,7805181.0,0.4894173498346803,0.5105826501653197
34540,543892.0,4790.0,818981.0,1362873.0,0.3990775369385115,0.6009224630614884
34580,130994.0,2070.0,122796.0,253790.0,0.5161511485874148,0.4838488514125852
34620,1169987.0,7940.0,1062153.0,2232140.0,0.524154846918204,0.4758451530817959
34660,27594.0,236.0,45796.0,73390.0,0.3759912794658673,0.6240087205341327
34700,48211.0,371.0,42184.0,90395.0,0.5333370208529232,0.4666629791470767
34740,217708.0,1131.0,161486.0,379194.0,0.5741335569655638,0.4258664430344362
34780,54328.0,0.0,70680.0,125008.0,0.434596185844106,0.565403814155894
34820,292403.0,1433.0,477643.0,770046.0,0.3797214711848383,0.6202785288151617
34860,35060.0,387.0,70829.0,105889.0,0.33110143640982537,0.6688985635901746
34900,175681.0,2471.0,99113.0,274794.0,0.6393189079819792,0.3606810920180208
34940,241046.0,1400.0,432403.0,673449.0,0.35792762332411215,0.6420723766758879
34980,2353633.0,12399.0,3363769.0,5717402.0,0.4116612755233933,0.5883387244766067
35020,695755.0,6471.0,803678.0,1499433.0,0.4640120632265663,0.5359879367734337
35060,37209.0,109.0,43692.0,80901.0,0.45993251010494307,0.5400674898950569
35100,197965.0,419.0,334734.0,532699.0,0.3716263781234806,0.6283736218765194
35140,28749.0,210.0,44039.0,72788.0,0.39496895092597684,0.6050310490740232
35220,425874.0,1529.0,581078.0,1006952.0,0.42293376446940867,0.5770662355305913
35260,310316.0,1761.0,504197.0,814513.0,0.3809834833820946,0.6190165166179055
35300,1054389.0,15567.0,725179.0,1779568.0,0.592497167851973,0.40750283214802696
35380,4566339.0,35279.0,4254849.0,8821188.0,0.5176557851391446,0.4823442148608555
35420,86826.0,1061.0,112988.0,199814.0,0.4345341167285576,0.5654658832714424
35440,495733.0,5526.0,837618.0,1333351.0,0.37179482371858574,0.6282051762814143
35460,15929.0,93.0,41670.0,57599.0,0.2765499401031268,0.7234500598968732
35500,212459.0,1208.0,359037.0,571496.0,0.37175938239287765,0.6282406176071224
35580,419375.0,4661.0,564547.0,983922.0,0.42622789204835343,0.5737721079516466
35620,33089177.0,328365.0,21470888.0,54560065.0,0.6064724629635247,0.3935275370364753
35660,171408.0,1154.0,211552.0,382960.0,0.44758721537497387,0.5524127846250261
35700,482520.0,11061.0,152372.0,634892.0,0.7600032761477543,0.23999672385224574
35740,2079691.0,17610.0,2427433.0,4507124.0,0.4614230715640395,0.5385769284359605
35820,666417.0,7205.0,1196723.0,1863140.0,0.35768487606943117,0.6423151239305688
35840,775170.0,6560.0,933193.0,1708363.0,0.45375016902145504,0.546249830978545
35860,18584.0,47.0,33201.0,51785.0,0.35886839818480254,0.6411316018151975
35900,49026.0,8.0,113024.0,162050.0,0.30253625424251773,0.6974637457574823
35940,83034.0,790.0,115804.0,198838.0,0.4175962341202386,0.5824037658797614
35980,330678.0,6218.0,239736.0,570414.0,0.5797157853769368,0.42028421462306326
36020,97490.0,1484.0,93658.0,191148.0,0.5100236465984472,0.4899763534015527
36100,1897989.0,11837.0,1932045.0,3830034.0,0.49555408646502874,0.5044459135349713
36140,106964.0,1291.0,134141.0,241105.0,0.44364073743804566,0.5563592625619543
36220,45494.0,378.0,125624.0,171118.0,0.26586332238572213,0.7341366776142779
36260,474468.0,7324.0,1189080.0,1663548.0,0.2852144933599752,0.7147855066400248
36340,40712.0,467.0,69668.0,110380.0,0.36883493386483057,0.6311650661351694
36380,23664.0,131.0,36280.0,59944.0,0.39476845055385024,0.6052315494461498
36420,1529999.0,6718.0,2665773.0,4195772.0,0.3646525597673086,0.6353474402326914
36460,62628.0,1094.0,89527.0,152155.0,0.41160658538989847,0.5883934146101015
36500,337256.0,5848.0,239341.0,576597.0,0.5849076564741058,0.4150923435258942
36540,4625716.0,57019.0,6001649.0,10627365.0,0.43526462109845665,0.5647353789015434
36580,81992.0,1734.0,96379.0,178371.0,0.45967113488179134,0.5403288651182087
36620,22551.0,328.0,66647.0,89198.0,0.25281956994551447,0.7471804300544855
36700,128801.0,170.0,61420.0,190221.0,0.6771124113531103,0.32288758864688966
36740,7215829.0,53307.0,6991890.0,14207719.0,0.5078808920700079,0.49211910792999214
36780,518282.0,5715.0,502554.0,1020836.0,0.5077034900806789,0.492296509919321
36820,18456.0,143.0,32980.0,51436.0,0.358814837856754,0.641185162143246
36830,677869.0,6417.0,777029.0,1454898.0,0.46592200965291036,0.5340779903470896
36840,2354151.0,21726.0,2223175.0,4577326.0,0.5143070430203136,0.4856929569796864
36860,359786.0,3506.0,600338.0,960124.0,0.37472868087871986,0.6252713191212802
36900,169036.0,3275.0,433860.0,602896.0,0.2803733977336058,0.7196266022663942
36940,41441.0,725.0,52462.0,93903.0,0.44131710381989925,0.5586828961801007
36980,559517.0,6519.0,845914.0,1405431.0,0.39811061517783514,0.6018893848221649
37020,81541.0,639.0,86683.0,168224.0,0.48471680616321094,0.515283193836789
37060,250678.0,2338.0,435637.0,686315.0,0.3652521072685283,0.6347478927314717
37080,56371.0,0.0,54298.0,110669.0,0.5093657663844438,0.4906342336155563
37100,835049.0,10235.0,722621.0,1557670.0,0.5360885168232039,0.4639114831767961
37120,24359.0,188.0,65016.0,89375.0,0.27254825174825176,0.7274517482517483
37140,393011.0,3769.0,770092.0,1163103.0,0.3378987071652296,0.6621012928347705
37220,28781.0,332.0,48818.0,77599.0,0.3708939548190054,0.6291060451809946
37260,310597.0,3081.0,525916.0,836513.0,0.37129966898302835,0.6287003310169716
37300,207318.0,1438.0,427351.0,634669.0,0.32665531166639616,0.6733446883336038
37340,577919.0,4470.0,766990.0,1344909.0,0.429708627126445,0.570291372873555
37420,7318.0,67.0,42250.0,49568.0,0.14763557133634603,0.8523644286636539
37460,259514.0,1886.0,416085.0,675599.0,0.3841243104267472,0.6158756895732528
37500,632042.0,5504.0,989330.0,1621372.0,0.3898192395082683,0.6101807604917316
37540,425874.0,1529.0,581078.0,1006952.0,0.42293376446940867,0.5770662355305913
37580,68250.0,383.0,195564.0,263814.0,0.258704996702222,0.741295003297778
37620,315975.0,3651.0,439447.0,755422.0,0.4182761423416316,0.5817238576583684
37660,16607.0,230.0,24953.0,41560.0,0.39959095283926854,0.6004090471607315
37740,38598.0,497.0,63233.0,101831.0,0.3790397815989237,0.6209602184010763
37780,8392.0,22.0,7100.0,15492.0,0.541698941389104,0.45830105861089593
37860,373272.0,2529.0,747428.0,1120700.0,0.33307040242705455,0.6669295975729455
37900,1127458.0,9122.0,1449350.0,2576808.0,0.4375405540498167,0.5624594459501834
37940,125500.0,1217.0,254473.0,379973.0,0.33028662562866307,0.6697133743713369
37980,12212004.0,78547.0,8281722.0,20493726.0,0.5958898835672928,0.4041101164327073
38060,2982247.0,23369.0,3654563.0,6636810.0,0.44934946156361266,0.5506505384363873
38100,21293.0,173.0,79399.0,100692.0,0.21146665077662574,0.7885333492233743
38180,24945.0,0.0,50038.0,74983.0,0.33267540642545645,0.6673245935745435
38220,4573206.0,36668.0,5255401.0,9828607.0,0.46529543810226615,0.5347045618977339
38240,84752.0,51.0,162124.0,246876.0,0.34329784993275975,0.6567021500672402
38260,267489.0,3114.0,422355.0,689844.0,0.38775288326056323,0.6122471167394368
38300,6035772.0,54822.0,6980335.0,13016107.0,0.4637156102051097,0.5362843897948902
38340,227792.0,4472.0,78578.0,306370.0,0.7435192740803603,0.25648072591963966
38380,35739.0,88.0,50768.0,86507.0,0.41313419723259387,0.5868658027674061
38420,244606.0,2662.0,413858.0,658464.0,0.3714796860572484,0.6285203139427517
38460,363230.0,3393.0,450910.0,814140.0,0.4461517675092736,0.5538482324907265
38500,273774.0,1756.0,442953.0,716727.0,0.38197807533412304,0.618021924665877
38540,62143.0,920.0,97248.0,159391.0,0.3898777220796657,0.6101222779203342
38580,169616.0,1963.0,220013.0,389629.0,0.43532693921653676,0.5646730607834632
38620,25907.0,0.0,62790.0,88697.0,0.2920842869544629,0.707915713045537
38700,320626.0,3361.0,643026.0,963652.0,0.3327196954917335,0.6672803045082665
38740,539291.0,4925.0,1019077.0,1558368.0,0.3460613924310561,0.653938607568944
38780,19792.0,193.0,29148.0,48940.0,0.40441356763383735,0.5955864323661626
38820,86555.0,1603.0,90552.0,177107.0,0.4887158610331607,0.5112841389668392
38840,280132.0,2443.0,531796.0,811928.0,0.3450207407553379,0.654979259244662
38860,2090845.0,22376.0,2281292.0,4372137.0,0.47822037598547346,0.5217796240145265
38900,7100926.0,79011.0,6610918.0,13711844.0,0.5178680562585164,0.48213194374148366
38920,303154.0,2047.0,414764.0,717918.0,0.42226828133575145,0.5777317186642486
38940,213055.0,1550.0,319153.0,532208.0,0.40032280612091514,0.5996771938790849
39020,69955.0,590.0,86315.0,156270.0,0.4476547001983746,0.5523452998016254
39060,125062.0,1713.0,175527.0,300589.0,0.41605647578587374,0.5839435242141263
39140,163587.0,2733.0,290602.0,454189.0,0.36017384833186183,0.6398261516681382
39220,90831.0,1129.0,129487.0,220318.0,0.41227226100454795,0.587727738995452
39260,17044.0,290.0,48414.0,65458.0,0.26038070212960984,0.7396192978703902
39300,5889877.0,76715.0,5514503.0,11404380.0,0.5164574488047575,0.48354255119524253
39340,112030.0,2792.0,621542.0,733572.0,0.15271847889505052,0.8472815211049495
39380,183780.0,1520.0,152360.0,336140.0,0.5467364788480991,0.453263521151901
39420,40049.0,530.0,42414.0,82463.0,0.4856602354995574,0.5143397645004426
39460,183886.0,1505.0,249456.0,433342.0,0.4243438208158914,0.5756561791841086
39500,791048.0,7984.0,984917.0,1775965.0,0.4454186878682857,0.5545813121317144
39540,238720.0,2436.0,238382.0,477102.0,0.5003542219483464,0.4996457780516535
39580,3588526.0,21726.0,3361365.0,6949891.0,0.5163427742967479,0.48365722570325204
39660,159881.0,830.0,347059.0,506940.0,0.31538446364461276,0.6846155363553872
39700,16383.0,24.0,8417.0,24800.0,0.6606048387096775,0.3393951612903226
39740,393954.0,3494.0,420236.0,814190.0,0.48386003267050687,0.5161399673294931
39780,37699.0,697.0,73414.0,111113.0,0.33928523215105344,0.6607147678489466
39820,121453.0,2131.0,244960.0,366413.0,0.33146476789851886,0.6685352321014811
39860,56162.0,1093.0,63788.0,119950.0,0.4682117548978741,0.5317882451021259
39900,423708.0,4288.0,411727.0,835435.0,0.5071705159587521,0.492829484041248
39940,1243396.0,8524.0,1764088.0,3007484.0,0.4134339534308412,0.5865660465691588
39980,3374399.0,15146.0,1903839.0,5278238.0,0.6393040632120037,0.3606959367879963
40060,1335502.0,9211.0,1738571.0,3074073.0,0.43444056143103954,0.5655594385689605
40080,1182799.0,7653.0,1636070.0,2818869.0,0.41960055610956026,0.5803994438904397
40100,41527.0,19.0,9726.0,51253.0,0.8102354984098492,0.18976450159015082
40140,2863357.0,23453.0,2837908.0,5701265.0,0.5022318731018467,0.4977681268981533
40180,66513.0,916.0,152208.0,218721.0,0.30409974350885377,0.6959002564911463
40220,2589444.0,23256.0,2533923.0,5123367.0,0.5054184094170884,0.49458159058291157
40260,478656.0,3230.0,415487.0,894143.0,0.5353237681221013,0.46467623187789875
40300,45508.0,467.0,68161.0,113669.0,0.4003554179239722,0.5996445820760278
40340,370315.0,5150.0,465940.0,836255.0,0.44282545395842177,0.5571745460415782
40380,6265875.0,43995.0,4496644.0,10762519.0,0.5821940941521219,0.4178059058478782
40420,942547.0,9305.0,1100531.0,2043078.0,0.4613367673676678,0.5386632326323322
40460,970224.0,6194.0,685641.0,1655865.0,0.5859318241523312,0.41406817584766875
40540,24496.0,222.0,54020.0,78516.0,0.3119873656324825,0.6880126343675175
40580,174845.0,0.0,151037.0,325882.0,0.5365285594172123,0.4634714405827876
40620,35152.0,339.0,75684.0,110836.0,0.3171532715002346,0.6828467284997655
40660,195509.0,587.0,294870.0,490379.0,0.39868958499446344,0.6013104150055365
40700,1292986.0,18139.0,1629245.0,2922231.0,0.4424653629367425,0.5575346370632575
40740,33401.0,307.0,65762.0,99163.0,0.3368292609138489,0.6631707390861511
40780,59268.0,632.0,114298.0,173566.0,0.34147240819054425,0.6585275918094557
40820,495733.0,5526.0,837618.0,1333351.0,0.37179482371858574,0.6282051762814143
40860,79972.0,1355.0,62884.0,142856.0,0.5598084784678278,0.4401915215321723
40900,2110090.0,29228.0,1857772.0,3967862.0,0.531795208603525,0.468204791396475
40940,23816.0,191.0,57086.0,80902.0,0.294380855850288,0.705619144149712
40980,264765.0,1418.0,218731.0,483496.0,0.5476053576451512,0.45239464235484883
41060,631777.0,9536.0,911430.0,1543207.0,0.409392259107171,0.590607740892829
41100,2411809.0,29573.0,2925493.0,5337302.0,0.4518779338324869,0.5481220661675131
41140,1423398.0,4564.0,765627.0,2189025.0,0.6502429163668757,0.34975708363312435
41180,11328562.0,103853.0,12419002.0,23747564.0,0.4770410135540639,0.5229589864459361
41220,790174.0,6392.0,493324.0,1283498.0,0.6156410060631181,0.3843589939368819
41400,98218.0,1217.0,130070.0,228288.0,0.43023724418278664,0.5697627558172134
41420,3235070.0,20548.0,3450988.0,6686058.0,0.48385311644021034,0.5161468835597897
41460,435631.0,4842.0,818262.0,1253893.0,0.347422786473806,0.652577213526194
41500,403320.0,5059.0,202681.0,606001.0,0.6655434561989172,0.33445654380108286
41540,1919467.0,28963.0,1911382.0,3830849.0,0.5010552491105758,0.49894475088942425
41620,765581.0,21639.0,982282.0,1747863.0,0.43800972959551177,0.5619902704044882
41660,48589.0,456.0,137932.0,186521.0,0.2605014984907866,0.7394985015092135
41700,1913679.0,14869.0,2373198.0,4286877.0,0.4464039905973509,0.5535960094026491
41740,2993117.0,33979.0,2627293.0,5620410.0,0.5325442449928031,0.467455755007197
41760,31126.0,893.0,55497.0,86623.0,0.35932719947358094,0.6406728005264191
41780,1609200.0,22018.0,1204757.0,2813957.0,0.5718637491617675,0.4281362508382324
41820,875098.0,5598.0,1264665.0,2139763.0,0.4089695914921419,0.5910304085078582
41860,6672769.0,84116.0,2017284.0,8690053.0,0.7678628657385634,0.23213713426143662
41940,2198029.0,19607.0,945874.0,3143903.0,0.6991402088423212,0.30085979115767886
42020,299809.0,6523.0,302040.0,601849.0,0.49814654506362893,0.5018534549363711
42100,482520.0,11061.0,152372.0,634892.0,0.7600032761477543,0.23999672385224574
42140,236323.0,3215.0,78079.0,314402.0,0.7516587044611676,0.24834129553883244
42200,470610.0,8664.0,334855.0,805465.0,0.5842711973828782,0.4157288026171218
42220,748821.0,14324.0,293052.0,1041873.0,0.7187257947945671,0.2812742052054329
42300,119168.0,1602.0,133027.0,252195.0,0.4725232459009893,0.5274767540990107
42340,429886.0,822.0,507650.0,937536.0,0.4585274592122329,0.5414725407877671
42380,57798.0,684.0,117449.0,175247.0,0.32980878417319553,0.6701912158268044
42420,37604.0,592.0,124616.0,162220.0,0.231808654913081,0.768191345086919
42460,1327209.0,14270.0,1719649.0,3046858.0,0.4355992304203215,0.5644007695796784
42540,684441.0,6548.0,635428.0,1319869.0,0.518567372974136,0.4814326270258639
42620,91923.0,500.0,214293.0,306216.0,0.30019006191707814,0.6998099380829219
42660,4838029.0,56339.0,2760866.0,7598895.0,0.6366753324003029,0.36332466759969706
42680,129969.0,950.0,197819.0,327788.0,0.3965032276959498,0.6034967723040502
42700,78734.0,545.0,127785.0,206519.0,0.3812433722805166,0.6187566277194835
42740,28816.0,223.0,55806.0,84622.0,0.34052610432275293,0.659473895677247
42780,21955.0,271.0,51227.0,73182.0,0.30000546582492965,0.6999945341750704
42820,2050187.0,12151.0,1686183.0,3736370.0,0.5487109146042817,0.4512890853957183
42860,63795.0,599.0,157658.0,221453.0,0.28807467047183827,0.7119253295281617
42900,85760.0,1226.0,105494.0,191254.0,0.44840892216633377,0.5515910778336662
42940,51436.0,439.0,165267.0,216703.0,0.23735712011370402,0.762642879886296
42980,1327209.0,14270.0,1719649.0,3046858.0,0.4355992304203215,0.5644007695796784
43020,71804.0,848.0,84738.0,156542.0,0.4586884031122638,0.5413115968877362
43060,49886.0,252.0,114957.0,164843.0,0.30262734844670386,0.6973726515532962
43100,132446.0,1487.0,161437.0,293883.0,0.45067594927232946,0.5493240507276705
43140,257482.0,30.0,432593.0,690075.0,0.373121762127305,0.626878237872695
43180,102821.0,759.0,255250.0,358071.0,0.2871525479583658,0.7128474520416342
43220,147418.0,1748.0,178106.0,325524.0,0.4528636905420184,0.5471363094579816
43260,25912.0,392.0,74023.0,99935.0,0.2592885375494071,0.7407114624505929
43300,86188.0,644.0,211835.0,298023.0,0.28919915576985666,0.7108008442301433
43320,75592.0,517.0,89885.0,165477.0,0.4568127292614684,0.5431872707385317
43340,499603.0,1819.0,678568.0,1178171.0,0.42404964983860577,0.5759503501613942
43380,1329761.0,4681.0,1309679.0,2639440.0,0.5038042160458279,0.4961957839541721
43420,85813.0,1113.0,131351.0,217164.0,0.3951529719474683,0.6048470280525318
43460,484620.0,3914.0,621886.0,1106506.0,0.4379732238234587,0.5620267761765413
43500,244606.0,2662.0,413858.0,658464.0,0.3714796860572484,0.6285203139427517
43580,2363325.0,26966.0,2349549.0,4712874.0,0.5014615285704647,0.49853847142953533
43620,678724.0,5528.0,1068673.0,1747397.0,0.38842003276874115,0.6115799672312588
43660,4833.0,45.0,21584.0,26417.0,0.18295037286595753,0.8170496271340425
43700,511061.0,2311.0,547862.0,1058923.0,0.4826233824366833,0.5173766175633167
43740,498615.0,5644.0,537686.0,1036301.0,0.4811488168012962,0.5188511831987038
43760,50116.0,949.0,72336.0,122452.0,0.4092705713259073,0.5907294286740927
43780,401858.0,4783.0,588009.0,989867.0,0.4059717113511209,0.5940282886488791
43900,1239097.0,8093.0,1448350.0,2687447.0,0.46106844153577725,0.5389315584642227
43940,310316.0,1761.0,504197.0,814513.0,0.3809834833820946,0.6190165166179055
43980,564177.0,3696.0,904936.0,1469113.0,0.3840255991200132,0.6159744008799868
44020,56457.0,792.0,94852.0,151309.0,0.37312387234070676,0.6268761276592932
44060,523943.0,7611.0,645997.0,1169940.0,0.44783749593996275,0.5521625040600373
44100,223567.0,2145.0,276975.0,500542.0,0.4466498315825645,0.5533501684174355
44140,842680.0,20433.0,485120.0,1327800.0,0.6346437716523573,0.3653562283476427
44180,4261695.0,27774.0,4628852.0,8890547.0,0.4793512705123768,0.5206487294876232
44220,2422926.0,15670.0,2158394.0,4581320.0,0.5288707184828827,0.47112928151711736
44260,37901.0,255.0,40101.0,78002.0,0.485897797492372,0.5141022025076281
44300,165356.0,1623.0,161572.0,326928.0,0.5057872069691186,0.4942127930308814
44340,40841.0,137.0,64687.0,105528.0,0.38701576832688955,0.6129842316731104
44420,41115.0,527.0,112751.0,153866.0,0.267213029519192,0.732786970480808
44460,34017.0,820.0,25095.0,59112.0,0.575466910272026,0.424533089727974
44500,12767.0,129.0,49939.0,62706.0,0.20360093133033522,0.7963990686696648
44540,151164.0,1144.0,308760.0,459924.0,0.3286716935841574,0.6713283064158426
44580,68084.0,515.0,58043.0,126127.0,0.539805117064546,0.46019488293545396
44620,291042.0,4483.0,251380.0,542422.0,0.5365600952763715,0.46343990472362845
44660,48007.0,0.0,86383.0,134390.0,0.357221519458293,0.6427784805417069
44700,516007.0,4195.0,449365.0,965372.0,0.534516227941146,0.465483772058854
44740,22045.0,254.0,29594.0,51639.0,0.42690602064331223,0.5730939793566878
44860,46309.0,242.0,108178.0,154487.0,0.2997598503433946,0.7002401496566054
44900,11979.0,5.0,26118.0,38097.0,0.3144342074179069,0.685565792582093
44920,800574.0,8242.0,611497.0,1412071.0,0.5669502454196709,0.4330497545803292
44940,244197.0,636.0,282071.0,526268.0,0.4640164326920884,0.5359835673079115
44980,79482.0,1053.0,124214.0,203696.0,0.3901991202576388,0.6098008797423612
45000,15003.0,339.0,37559.0,52562.0,0.2854343442030364,0.7145656557969636
45020,7181.0,60.0,17378.0,24559.0,0.29239789893725315,0.7076021010627469
45060,1868689.0,16977.0,2138452.0,4007141.0,0.4663397170201897,0.5336602829798103
45140,241997.0,1034.0,612443.0,854440.0,0.28322292963812556,0.7167770703618744
45180,72848.0,218.0,107075.0,179923.0,0.40488431162219396,0.595115688377806
45220,4341327.0,33378.0,4339511.0,8680838.0,0.5001045981966257,0.4998954018033743
45300,3503144.0,27871.0,3488992.0,6992136.0,0.5010119940458824,0.4989880059541176
45340,54488.0,1064.0,14733.0,69221.0,0.7871599659063001,0.2128400340936999
45380,114542.0,685.0,230612.0,345154.0,0.3318576635356971,0.6681423364643029
45460,919024.0,6510.0,1392846.0,2311870.0,0.3975240822364579,0.602475917763542
45500,107672.0,521.0,224380.0,332052.0,0.3242624649151338,0.6757375350848662
45520,26205.0,513.0,27640.0,53845.0,0.48667471445816696,0.513325285541833
45540,244197.0,636.0,282071.0,526268.0,0.4640164326920884,0.5359835673079115
45580,18077.0,12.0,33466.0,51543.0,0.3507168771705178,0.6492831228294822
45620,37093.0,142.0,65882.0,102975.0,0.360213644088371,0.639786355911629
45660,85760.0,1226.0,105494.0,191254.0,0.44840892216633377,0.5515910778336662
45700,21167.0,22.0,43497.0,64664.0,0.327338240752196,0.672661759247804
45740,38764.0,41.0,114883.0,153647.0,0.25229259276132954,0.7477074072386705
45780,2288867.0,10691.0,1677036.0,3965903.0,0.577136405000324,0.42286359499967596
45820,5390192.0,48228.0,6015452.0,11405644.0,0.47258988620020054,0.5274101137997995
45860,221121.0,5413.0,235760.0,456881.0,0.48397941695977725,0.5160205830402227
45900,166581.0,2204.0,213927.0,380508.0,0.4377858021381942,0.5622141978618058
45940,713317.0,6715.0,603579.0,1316896.0,0.5416654010643209,0.45833459893567907
45980,238567.0,1287.0,353908.0,592475.0,0.4026617156842061,0.5973382843157939
46020,128729.0,3329.0,138408.0,267137.0,0.48188382739942426,0.5181161726005757
46060,972982.0,12355.0,820301.0,1793283.0,0.5425702468600885,0.4574297531399115
46100,2519086.0,22091.0,2556749.0,5075835.0,0.4962899700246363,0.5037100299753636
46140,672730.0,352.0,1243589.0,1916319.0,0.3510532432230751,0.6489467567769249
46180,921952.0,5752.0,1390925.0,2312877.0,0.3986169606079355,0.6013830393920645
46220,268382.0,1749.0,494521.0,762903.0,0.3517904635320611,0.6482095364679389
46300,42156.0,334.0,118039.0,160195.0,0.26315428072037206,0.7368457192796279
46340,130847.0,695.0,325821.0,456668.0,0.28652544080163267,0.7134745591983673
46380,114134.0,5051.0,56494.0,170628.0,0.6689054551421807,0.33109454485781936
46460,1357753.0,2868.0,894850.0,2252603.0,0.6027484647760835,0.3972515352239165
46500,248549.0,3889.0,232847.0,481396.0,0.5163088185194725,0.4836911814805275
46520,886402.0,13037.0,512418.0,1398820.0,0.6336783860682575,0.36632161393174245
46540,305140.0,4942.0,373128.0,678268.0,0.449881167915927,0.550118832084073
46620,18552.0,36.0,23957.0,42509.0,0.43642522759886143,0.5635747724011386
46660,179692.0,407.0,202983.0,382675.0,0.4695681714248383,0.5304318285751617
46700,461450.0,3869.0,273952.0,735402.0,0.627479936143769,0.372520063856231
46740,45184.0,206.0,87696.0,132880.0,0.3400361228175798,0.6599638771824202
46780,20207.0,216.0,48579.0,68786.0,0.29376617334922805,0.706233826650772
46820,564177.0,3696.0,904936.0,1469113.0,0.3840255991200132,0.6159744008799868
46860,6107.0,132.0,43923.0,50030.0,0.12206675994403358,0.8779332400559664
46900,5616.0,43.0,16228.0,21844.0,0.2570957700054935,0.7429042299945064
46980,716826.0,6242.0,1082854.0,1799680.0,0.3983074768847795,0.6016925231152205
47020,50110.0,242.0,112094.0,162204.0,0.3089319622204138,0.6910680377795863
47080,4150060.0,29532.0,3409197.0,7559257.0,0.5490036917649446,0.4509963082350554
47180,543892.0,4790.0,818981.0,1362873.0,0.3990775369385115,0.6009224630614884
47220,1186273.0,11681.0,1081973.0,2268246.0,0.522991333391528,0.4770086666084719
47240,37030.0,983.0,12628.0,49658.0,0.7457005920496194,0.2542994079503806
47260,1373354.0,13688.0,1716253.0,3089607.0,0.44450766715637297,0.5554923328436271
47300,198471.0,1834.0,294489.0,492960.0,0.40261075949367087,0.5973892405063291
47340,29586.0,200.0,63028.0,92614.0,0.3194549420174056,0.6805450579825945
47380,143763.0,1065.0,258070.0,401833.0,0.35776802801163665,0.6422319719883633
47420,642130.0,4631.0,563944.0,1206074.0,0.532413434001562,0.4675865659984379
47460,440407.0,5249.0,638085.0,1078492.0,0.40835444305567403,0.591645556944326
47540,28006.0,372.0,83004.0,111010.0,0.25228357805603097,0.747716421943969
47580,731167.0,3148.0,929541.0,1660708.0,0.4402742685649735,0.5597257314350265
47620,666042.0,6135.0,1026181.0,1692223.0,0.3935899701162317,0.6064100298837682
47660,1003618.0,11192.0,1404136.0,2407754.0,0.416827466593348,0.583172533406652
47700,34173.0,92.0,108157.0,142330.0,0.24009695777418674,0.7599030422258133
47780,98468.0,613.0,174195.0,272663.0,0.3611344406831877,0.6388655593168123
47820,172686.0,846.0,247265.0,419951.0,0.4112051167874347,0.5887948832125652
47900,13444900.0,105237.0,11510639.0,24955539.0,0.5387541419161493,0.46124585808385066
47920,681870.0,5076.0,885825.0,1567695.0,0.4349506759924603,0.5650493240075397
47940,280425.0,1858.0,265955.0,546380.0,0.5132416999158095,0.48675830008419047
47980,22352.0,0.0,35330.0,57682.0,0.38750390069692453,0.6124960993030755
48020,3819991.0,31112.0,3985190.0,7805181.0,0.4894173498346803,0.5105826501653197
48060,3819991.0,31112.0,3985190.0,7805181.0,0.4894173498346803,0.5105826501653197
48100,11668.0,75.0,23515.0,35183.0,0.3316374385356564,0.6683625614643436
48140,152652.0,2021.0,171252.0,323904.0,0.47128778897451096,0.528712211025489
48180,917531.0,9933.0,840930.0,1758461.0,0.5217806934586551,0.478219306541345
48220,38902.0,438.0,108146.0,147048.0,0.2645530711060334,0.7354469288939666
48260,4126220.0,35539.0,4464756.0,8590976.0,0.48029700001489933,0.5197029999851006
48300,1351794.0,18989.0,1718828.0,3070622.0,0.44023458439365054,0.5597654156063495
48460,22771.0,197.0,56534.0,79305.0,0.2871319588928819,0.7128680411071181
48540,404623.0,2978.0,619081.0,1023704.0,0.39525390151840767,0.6047460984815923
48580,103754.0,1582.0,144098.0,247852.0,0.41861272049448867,0.5813872795055114
48620,1040052.0,11144.0,1844633.0,2884685.0,0.3605426589038318,0.6394573410961683
48660,628647.0,4265.0,1076030.0,1704677.0,0.3687777801894435,0.6312222198105565
48700,76948.0,965.0,157663.0,234611.0,0.3279812114521484,0.6720187885478516
48780,43553.0,504.0,88856.0,132409.0,0.32892779191746785,0.6710722080825322
48820,44753.0,734.0,57074.0,101827.0,0.4395003289893643,0.5604996710106357
48900,255963.0,0.0,304699.0,560662.0,0.4565370936500066,0.5434629063499934
48940,363230.0,3393.0,450910.0,814140.0,0.4461517675092736,0.5538482324907265
48980,190652.0,538.0,309943.0,500595.0,0.3808507875628003,0.6191492124371998
49020,560707.0,12642.0,513034.0,1073741.0,0.5221994875859263,0.4778005124140738
49080,187188.0,7337.0,142865.0,330053.0,0.5671452766676867,0.4328547233323133
49100,67954.0,1750.0,58036.0,125990.0,0.5393602666878323,0.4606397333121676
49180,1332480.0,3052.0,1546171.0,2878651.0,0.46288348257569256,0.5371165174243074
49220,312417.0,3630.0,431368.0,743785.0,0.4200367041550986,0.5799632958449015
49260,6764.0,0.0,29956.0,36720.0,0.18420479302832243,0.8157952069716775
49300,3374399.0,15146.0,1903839.0,5278238.0,0.6393040632120037,0.3606959367879963
49340,1222359.0,23760.0,943463.0,2165822.0,0.5643857159083249,0.43561428409167513
49380,18428.0,238.0,24173.0,42601.0,0.43257200535198703,0.567427994648013
49420,152320.0,1454.0,208766.0,361086.0,0.42183856477404275,0.5781614352259572
49460,20198.0,0.0,27100.0,47298.0,0.427037084020466,0.572962915979534
49620,850750.0,9417.0,1155749.0,2006499.0,0.42399722103026216,0.5760027789697378
49660,1372358.0,12786.0,1037424.0,2409782.0,0.569494667982415,0.430505332017585
49700,92418.0,1101.0,151179.0,243597.0,0.3793889087304031,0.6206110912695969
49740,94286.0,555.0,128224.0,222510.0,0.4237382589546537,0.5762617410453463
49780,75690.0,882.0,104115.0,179805.0,0.42095603570534745,0.5790439642946525
49820,9829.0,11.0,5126.0,14955.0,0.6572383818121029,0.342761618187897
